{
    "train_lr": 9.999999999999403e-05,
    "train_class_error": 49.46772281228114,
    "train_loss": 23.20457814436239,
    "train_loss_ce": 1.7048774242216873,
    "train_loss_bbox": 0.7370393772501573,
    "train_loss_giou": 1.4287848178809726,
    "train_loss_ce_0": 1.7017613796583468,
    "train_loss_bbox_0": 0.7337951923932138,
    "train_loss_giou_0": 1.4275146799832812,
    "train_loss_ce_1": 1.7030114745798952,
    "train_loss_bbox_1": 0.735211070960926,
    "train_loss_giou_1": 1.4283000035392814,
    "train_loss_ce_2": 1.7025009478446689,
    "train_loss_bbox_2": 0.7348234570618298,
    "train_loss_giou_2": 1.4262314025825105,
    "train_loss_ce_3": 1.705277958424788,
    "train_loss_bbox_3": 0.7350646304326504,
    "train_loss_giou_3": 1.4282112151430415,
    "train_loss_ce_4": 1.7073785935524257,
    "train_loss_bbox_4": 0.7359993457264473,
    "train_loss_giou_4": 1.428795210918098,
    "train_loss_ce_unscaled": 1.7048774242216873,
    "train_class_error_unscaled": 49.46772281228114,
    "train_loss_bbox_unscaled": 0.14740787545590442,
    "train_loss_giou_unscaled": 0.7143924089404863,
    "train_cardinality_error_unscaled": 31.860896445131374,
    "train_loss_ce_0_unscaled": 1.7017613796583468,
    "train_loss_bbox_0_unscaled": 0.14675903845394184,
    "train_loss_giou_0_unscaled": 0.7137573399916406,
    "train_cardinality_error_0_unscaled": 31.860896445131374,
    "train_loss_ce_1_unscaled": 1.7030114745798952,
    "train_loss_bbox_1_unscaled": 0.14704221416368413,
    "train_loss_giou_1_unscaled": 0.7141500017696407,
    "train_cardinality_error_1_unscaled": 31.860896445131374,
    "train_loss_ce_2_unscaled": 1.7025009478446689,
    "train_loss_bbox_2_unscaled": 0.14696469130527107,
    "train_loss_giou_2_unscaled": 0.7131157012912552,
    "train_cardinality_error_2_unscaled": 31.860896445131374,
    "train_loss_ce_3_unscaled": 1.705277958424788,
    "train_loss_bbox_3_unscaled": 0.14701292617260903,
    "train_loss_giou_3_unscaled": 0.7141056075715208,
    "train_cardinality_error_3_unscaled": 31.860896445131374,
    "train_loss_ce_4_unscaled": 1.7073785935524257,
    "train_loss_bbox_4_unscaled": 0.14719986922209838,
    "train_loss_giou_4_unscaled": 0.714397605459049,
    "train_cardinality_error_4_unscaled": 31.860896445131374,
    "test_class_error": 50.658860032575845,
    "test_loss": 19.153712234357847,
    "test_loss_ce": 1.7460622121817875,
    "test_loss_bbox": 0.46539875177027534,
    "test_loss_giou": 0.9682002799571866,
    "test_loss_ce_0": 1.7588898817988208,
    "test_loss_bbox_0": 0.523017121274976,
    "test_loss_giou_0": 0.9720205660827839,
    "test_loss_ce_1": 1.7443014781405455,
    "test_loss_bbox_1": 0.4686419634542761,
    "test_loss_giou_1": 0.9724769695070539,
    "test_loss_ce_2": 1.7430279713912602,
    "test_loss_bbox_2": 0.46882662688293597,
    "test_loss_giou_2": 0.9791700960184536,
    "test_loss_ce_3": 1.7394519132854294,
    "test_loss_bbox_3": 0.46539881161964725,
    "test_loss_giou_3": 0.9656987885271546,
    "test_loss_ce_4": 1.7420243466422505,
    "test_loss_bbox_4": 0.46057234739843944,
    "test_loss_giou_4": 0.9705320852842644,
    "test_loss_ce_unscaled": 1.7460622121817875,
    "test_class_error_unscaled": 50.658860032575845,
    "test_loss_bbox_unscaled": 0.09307975051448727,
    "test_loss_giou_unscaled": 0.4841001399785933,
    "test_cardinality_error_unscaled": 55.43978102189781,
    "test_loss_ce_0_unscaled": 1.7588898817988208,
    "test_loss_bbox_0_unscaled": 0.10460342415166597,
    "test_loss_giou_0_unscaled": 0.48601028304139193,
    "test_cardinality_error_0_unscaled": 55.43978102189781,
    "test_loss_ce_1_unscaled": 1.7443014781405455,
    "test_loss_bbox_1_unscaled": 0.09372839282681472,
    "test_loss_giou_1_unscaled": 0.48623848475352693,
    "test_cardinality_error_1_unscaled": 55.43978102189781,
    "test_loss_ce_2_unscaled": 1.7430279713912602,
    "test_loss_bbox_2_unscaled": 0.09376532530044987,
    "test_loss_giou_2_unscaled": 0.4895850480092268,
    "test_cardinality_error_2_unscaled": 55.43978102189781,
    "test_loss_ce_3_unscaled": 1.7394519132854294,
    "test_loss_bbox_3_unscaled": 0.0930797625265091,
    "test_loss_giou_3_unscaled": 0.4828493942635773,
    "test_cardinality_error_3_unscaled": 55.43978102189781,
    "test_loss_ce_4_unscaled": 1.7420243466422505,
    "test_loss_bbox_4_unscaled": 0.09211446981142907,
    "test_loss_giou_4_unscaled": 0.4852660426421322,
    "test_cardinality_error_4_unscaled": 55.43978102189781,
    "test_coco_eval_bbox": [
        0.0,
        0.0,
        0.0,
        0.0,
        0.0,
        0.0,
        0.0,
        0.0,
        0.0,
        0.0,
        0.0,
        0.0
    ],
    "epoch": 31,
    "n_parameters": 41281888
}